-- MySQL dump 10.13  Distrib 8.0.38, for Win64 (x86_64)
--
-- Host: localhost    Database: project2
-- ------------------------------------------------------
-- Server version	8.0.39

/*!40101 SET @OLD_CHARACTER_SET_CLIENT=@@CHARACTER_SET_CLIENT */;
/*!40101 SET @OLD_CHARACTER_SET_RESULTS=@@CHARACTER_SET_RESULTS */;
/*!40101 SET @OLD_COLLATION_CONNECTION=@@COLLATION_CONNECTION */;
/*!50503 SET NAMES utf8 */;
/*!40103 SET @OLD_TIME_ZONE=@@TIME_ZONE */;
/*!40103 SET TIME_ZONE='+00:00' */;
/*!40014 SET @OLD_UNIQUE_CHECKS=@@UNIQUE_CHECKS, UNIQUE_CHECKS=0 */;
/*!40014 SET @OLD_FOREIGN_KEY_CHECKS=@@FOREIGN_KEY_CHECKS, FOREIGN_KEY_CHECKS=0 */;
/*!40101 SET @OLD_SQL_MODE=@@SQL_MODE, SQL_MODE='NO_AUTO_VALUE_ON_ZERO' */;
/*!40111 SET @OLD_SQL_NOTES=@@SQL_NOTES, SQL_NOTES=0 */;

--
-- Table structure for table `admin`
--

DROP TABLE IF EXISTS `admin`;
/*!40101 SET @saved_cs_client     = @@character_set_client */;
/*!50503 SET character_set_client = utf8mb4 */;
CREATE TABLE `admin` (
  `admin_id` int NOT NULL AUTO_INCREMENT,
  `admin_username` varchar(255) NOT NULL,
  `password_hash` varchar(255) NOT NULL,
  PRIMARY KEY (`admin_id`),
  UNIQUE KEY `admin_username` (`admin_username`)
) ENGINE=InnoDB AUTO_INCREMENT=2 DEFAULT CHARSET=utf8mb4 COLLATE=utf8mb4_0900_ai_ci;
/*!40101 SET character_set_client = @saved_cs_client */;

--
-- Dumping data for table `admin`
--

LOCK TABLES `admin` WRITE;
/*!40000 ALTER TABLE `admin` DISABLE KEYS */;
INSERT INTO `admin` VALUES (1,'vansh','123');
/*!40000 ALTER TABLE `admin` ENABLE KEYS */;
UNLOCK TABLES;

--
-- Table structure for table `avail_center`
--

DROP TABLE IF EXISTS `avail_center`;
/*!40101 SET @saved_cs_client     = @@character_set_client */;
/*!50503 SET character_set_client = utf8mb4 */;
CREATE TABLE `avail_center` (
  `center_id` int NOT NULL AUTO_INCREMENT,
  `location` varchar(255) DEFAULT NULL,
  `contact` varchar(25) DEFAULT NULL,
  `helpline` varchar(25) DEFAULT NULL,
  PRIMARY KEY (`center_id`)
) ENGINE=InnoDB AUTO_INCREMENT=401 DEFAULT CHARSET=utf8mb4 COLLATE=utf8mb4_0900_ai_ci;
/*!40101 SET character_set_client = @saved_cs_client */;

--
-- Dumping data for table `avail_center`
--

LOCK TABLES `avail_center` WRITE;
/*!40000 ALTER TABLE `avail_center` DISABLE KEYS */;
INSERT INTO `avail_center` VALUES (1,'Andheri West, Mumbai, Maharashtra','9123456789','18001234501'),(2,'Connaught Place, Delhi, Delhi','9234567890','18001234502'),(3,'Koramangala, Bengaluru, Karnataka','9345678901','18001234503'),(4,'Banjara Hills, Hyderabad, Telangana','9456789012','18001234504'),(5,'T. Nagar, Chennai, Tamil Nadu','9567890123','18001234505'),(6,'Salt Lake, Kolkata, West Bengal','9678901234','18001234506'),(7,'Viman Nagar, Pune, Maharashtra','9789012345','18001234507'),(8,'Satellite, Ahmedabad, Gujarat','9890123456','18001234508'),(9,'Malviya Nagar, Jaipur, Rajasthan','9901234567','18001234509'),(10,'Adajan, Surat, Gujarat','9012345678','18001234510'),(11,'Hazratganj, Lucknow, Uttar Pradesh','9123456780','18001234511'),(12,'Civil Lines, Kanpur, Uttar Pradesh','9234567891','18001234512'),(13,'Sitabuldi, Nagpur, Maharashtra','9345678902','18001234513'),(14,'MG Road, Indore, Madhya Pradesh','9456789013','18001234514'),(15,'Majiwada, Thane, Maharashtra','9567890124','18001234515'),(16,'Arera Colony, Bhopal, Madhya Pradesh','9678901235','18001234516'),(17,'Dwarakanagar, Visakhapatnam, Andhra Pradesh','9789012346','18001234517'),(18,'Pimple Saudagar, Pimpri-Chinchwad, Maharashtra','9890123457','18001234518'),(19,'Fraser Road, Patna, Bihar','9901234568','18001234519'),(20,'Alkapuri, Vadodara, Gujarat','9012345679','18001234520'),(21,'Vaishali, Ghaziabad, Uttar Pradesh','9123456781','18001234521'),(22,'Sarabha Nagar, Ludhiana, Punjab','9234567892','18001234522'),(23,'Sikandra, Agra, Uttar Pradesh','9345678903','18001234523'),(24,'Sharanpur Road, Nashik, Maharashtra','9456789014','18001234524'),(25,'Sector 15, Faridabad, Haryana','9567890125','18001234525'),(26,'Shastri Nagar, Meerut, Uttar Pradesh','9678901236','18001234526'),(27,'Kalavad Road, Rajkot, Gujarat','9789012347','18001234527'),(28,'Dombivli East, Kalyan-Dombivli, Maharashtra','9890123458','18001234528'),(29,'Virar West, Vasai-Virar, Maharashtra','9901234569','18001234529'),(30,'Lanka, Varanasi, Uttar Pradesh','9012345680','18001234530'),(31,'Lal Chowk, Srinagar, Jammu & Kashmir','9123456782','18001234531'),(32,'Kranti Chowk, Aurangabad, Maharashtra','9234567893','18001234532'),(33,'Saraidhela, Dhanbad, Jharkhand','9345678904','18001234533'),(34,'Ranjit Avenue, Amritsar, Punjab','9456789015','18001234534'),(35,'Vashi, Navi Mumbai, Maharashtra','9567890126','18001234535'),(36,'Civil Lines, Allahabad, Uttar Pradesh','9678901237','18001234536'),(37,'Shibpur, Howrah, West Bengal','9789012348','18001234537'),(38,'Kanke Road, Ranchi, Jharkhand','9890123459','18001234538'),(39,'Phool Bagh, Gwalior, Madhya Pradesh','9901234570','18001234539'),(40,'Napier Town, Jabalpur, Madhya Pradesh','9012345681','18001234540'),(41,'RS Puram, Coimbatore, Tamil Nadu','9123456783','18001234541'),(42,'Benz Circle, Vijayawada, Andhra Pradesh','9234567894','18001234542'),(43,'Ratanada, Jodhpur, Rajasthan','9345678905','18001234543'),(44,'Goripalayam, Madurai, Tamil Nadu','9456789016','18001234544'),(45,'Gudhiyari, Raipur, Chhattisgarh','9567890127','18001234545'),(46,'Dadabari, Kota, Rajasthan','9678901238','18001234546'),(47,'Paltan Bazaar, Guwahati, Assam','9789012349','18001234547'),(48,'Sector 17, Chandigarh, Chandigarh','9890123460','18001234548'),(49,'Sadar Bazaar, Solapur, Maharashtra','9901234571','18001234549'),(50,'Deshpande Nagar, Hubli-Dharwad, Karnataka','9012345682','18001234550'),(51,'Vijayanagar, Mysuru, Karnataka','9123456784','18001234551'),(52,'Srirangam, Tiruchirappalli, Tamil Nadu','9234567895','18001234552'),(53,'Civil Lines, Bareilly, Uttar Pradesh','9345678906','18001234553'),(54,'Budhi Vihar, Moradabad, Uttar Pradesh','9456789017','18001234554'),(55,'DLF Phase 3, Gurgaon, Haryana','9567890128','18001234555'),(56,'Swarn Jayanti Nagar, Aligarh, Uttar Pradesh','9678901239','18001234556'),(57,'Model Town, Jalandhar, Punjab','9789012350','18001234557'),(58,'Jaydev Vihar, Bhubaneswar, Odisha','9890123461','18001234558'),(59,'Ammapet, Salem, Tamil Nadu','9901234572','18001234559'),(60,'Hanamkonda, Warangal, Telangana','9012345683','18001234560'),(61,'Arundelpet, Guntur, Andhra Pradesh','9123456785','18001234561'),(62,'Shivaji Chowk, Bhiwandi, Maharashtra','9234567896','18001234562'),(63,'Nai Basti, Saharanpur, Uttar Pradesh','9345678907','18001234563'),(64,'Civil Lines, Gorakhpur, Uttar Pradesh','9456789018','18001234564'),(65,'Rani Bazar, Bikaner, Rajasthan','9567890129','18001234565'),(66,'Sector 62, Noida, Uttar Pradesh','9678901240','18001234566'),(67,'Bistupur, Jamshedpur, Jharkhand','9789012351','18001234567'),(68,'Power House, Bhilai, Chhattisgarh','9890123462','18001234568'),(69,'Badambadi, Cuttack, Odisha','9901234573','18001234569'),(70,'Chowk Bazar, Firozabad, Uttar Pradesh','9012345684','18001234570'),(71,'MG Road, Kochi, Kerala','9123456786','18001234571'),(72,'Ghoghavadar Road, Bhavnagar, Gujarat','9234567897','18001234572'),(73,'Rajpur Road, Dehradun, Uttarakhand','9345678908','18001234573'),(74,'City Center, Durgapur, West Bengal','9456789019','18001234574'),(75,'Burnpur Road, Asansol, West Bengal','9567890130','18001234575'),(76,'Gokul Nagar, Nanded, Maharashtra','9678901241','18001234576'),(77,'Shivaji Peth, Kolhapur, Maharashtra','9789012352','18001234577'),(78,'Naya Bazaar, Ajmer, Rajasthan','9890123463','18001234578'),(79,'Supermarket Area, Gulbarga, Karnataka','9901234574','18001234579'),(80,'Freeganj, Ujjain, Madhya Pradesh','9012345685','18001234580'),(81,'Sector 17, Mumbai, Maharashtra','9834521901','1800123456'),(82,'T. Nagar, Chennai, Tamil Nadu','9723456123','1800123457'),(83,'Connaught Place, Delhi','9812345768','1800123458'),(84,'Salt Lake City, Kolkata, West Bengal','9834512345','1800123459'),(85,'MG Road, Bengaluru, Karnataka','9741234567','1800123460'),(86,'Banjara Hills, Hyderabad, Telangana','9845123764','1800123461'),(87,'Navrangpura, Ahmedabad, Gujarat','9823456789','1800123462'),(88,'Hinjewadi, Pune, Maharashtra','9765123498','1800123463'),(89,'Malviya Nagar, Jaipur, Rajasthan','9898765432','1800123464'),(90,'Hazratganj, Lucknow, Uttar Pradesh','9887654321','1800123465'),(91,'Bailey Road, Patna, Bihar','9854321678','1800123466'),(92,'MP Nagar, Bhopal, Madhya Pradesh','9845126789','1800123467'),(93,'G.S. Road, Guwahati, Assam','9834567123','1800123468'),(94,'Sector 34, Chandigarh, Punjab','9821234567','1800123469'),(95,'Main Road, Ranchi, Jharkhand','9812345678','1800123470'),(96,'Mall Road, Shimla, Himachal Pradesh','9801234567','1800123471'),(97,'Pandri Market, Raipur, Chhattisgarh','9798765432','1800123472'),(98,'Patto Plaza, Panaji, Goa','9765432189','1800123473'),(99,'Rajpur Road, Dehradun, Uttarakhand','9743218765','1800123474'),(100,'Palayam, Thiruvananthapuram, Kerala','9734125678','1800123475'),(101,'Thangal Bazar, Imphal, Manipur','9723145678','1800123476'),(102,'Bank Tinali, Itanagar, Arunachal Pradesh','9712341567','1800123477'),(103,'Police Bazaar, Shillong, Meghalaya','9701234567','1800123478'),(104,'Bara Bazar, Aizawl, Mizoram','9698765432','1800123479'),(105,'Kohima Village, Kohima, Nagaland','9687654321','1800123480'),(106,'Paradise Chowmuhani, Agartala, Tripura','9676543218','1800123481'),(107,'White Town, Puducherry','9665432187','1800123482'),(108,'Aberdeen Bazaar, Port Blair, Andaman and Nicobar','9654321876','1800123483'),(109,'Lal Chowk, Srinagar, Jammu and Kashmir','9643218765','1800123484'),(110,'Fort Road, Leh, Ladakh','9632109876','1800123485'),(111,'Alkapuri, Vadodara, Gujarat','9621098765','1800123486'),(112,'College Road, Nashik, Maharashtra','9610987654','1800123487'),(113,'Ranjit Avenue, Amritsar, Punjab','9609876543','1800123488'),(114,'Phool Bagh, Gwalior, Madhya Pradesh','9598765432','1800123489'),(115,'Fatehsagar Lake, Udaipur, Rajasthan','9587654321','1800123490'),(116,'Dwarakanagar, Visakhapatnam, Andhra Pradesh','9576543210','1800123491'),(117,'Devaraj Urs Road, Mysuru, Karnataka','9565432109','1800123492'),(118,'Sardarpura, Jodhpur, Rajasthan','9554321098','1800123493'),(119,'Russell Chowk, Jabalpur, Madhya Pradesh','9543210987','1800123494'),(120,'Samarth Nagar, Aurangabad, Maharashtra','9532109876','1800123495'),(121,'Gugai, Salem, Tamil Nadu','9521098765','1800123496'),(122,'Cantonment, Tiruchirappalli, Tamil Nadu','9510987654','1800123497'),(123,'Kazipet, Warangal, Telangana','9509876543','1800123498'),(124,'Anna Nagar, Madurai, Tamil Nadu','9498765432','1800123499'),(125,'Sector 15, Faridabad, Haryana','9487654321','1800123500'),(126,'Kalavad Road, Rajkot, Gujarat','9476543210','1800123501'),(127,'Delhi Road, Saharanpur, Uttar Pradesh','9465432109','1800123502'),(128,'Sadar Bazaar, Meerut, Uttar Pradesh','9454321098','1800123503'),(129,'Saraidhela, Dhanbad, Jharkhand','9443210987','1800123504'),(130,'Keshwapur, Hubli, Karnataka','9432109876','1800123505'),(131,'Khade Bazaar, Belgaum, Karnataka','9421098765','1800123506'),(132,'Nakodar Road, Jalandhar, Punjab','9410987654','1800123507'),(133,'Civil Lines, Moradabad, Uttar Pradesh','9409876543','1800123508'),(134,'Tilak Road, Tirupati, Andhra Pradesh','9398765432','1800123509'),(135,'Ramnagar, Aligarh, Uttar Pradesh','9387654321','1800123510'),(136,'Ghogha Circle, Bhavnagar, Gujarat','9376543210','1800123511'),(137,'Buxi Bazar, Cuttack, Odisha','9365432109','1800123512'),(138,'Ganga Shahar, Bikaner, Rajasthan','9354321098','1800123513'),(139,'Canal Road, Jammu, Jammu and Kashmir','9343210987','1800123514'),(140,'Freeganj, Ujjain, Madhya Pradesh','9332109876','1800123515'),(141,'Elite Chowk, Jhansi, Uttar Pradesh','9321098765','1800123516'),(142,'Kasia Bazaar, Gorakhpur, Uttar Pradesh','9310987654','1800123517'),(143,'KVR Street, Nellore, Andhra Pradesh','9309876543','1800123518'),(144,'Hill Cart Road, Siliguri, West Bengal','9298765432','1800123519'),(145,'Uditnagar, Rourkela, Odisha','9287654321','1800123520'),(146,'Civic Center, Bhilai, Chhattisgarh','9276543210','1800123521'),(147,'Arundelpet, Guntur, Andhra Pradesh','9265432109','1800123522'),(148,'Sangliwadi, Sangli, Maharashtra','9254321098','1800123523'),(149,'Tilha, Gaya, Bihar','9243210987','1800123524'),(150,'Hampankatta, Mangalore, Karnataka','9232109876','1800123525'),(151,'Sadar Hospital Road, Muzaffarpur, Bihar','9221098765','1800123526'),(152,'Sector 62, Noida, Uttar Pradesh','9210987654','1800123527'),(153,'Sector 4, Bokaro, Jharkhand','9209876543','1800123528'),(154,'Kanke Road, Ranchi, Jharkhand','9198765432','1800123529'),(155,'Leela Bhawan, Patiala, Punjab','9187654321','1800123530'),(156,'Krishna Nagar, Mathura, Uttar Pradesh','9176543210','1800123531'),(157,'Link Road, Bilaspur, Chhattisgarh','9165432109','1800123532'),(158,'Barari, Bhagalpur, Bihar','9154321098','1800123533'),(159,'Jamnagar, Gujarat','9143210987','1800123534'),(160,'Clock Tower, Anantapur, Andhra Pradesh','9132109876','1800123535'),(161,'MG Road, Bengaluru, Karnataka','080-23456789','1800-123-4567'),(162,'Connaught Place, New Delhi, Delhi','011-23456789','1800-234-5678'),(163,'Park Street, Kolkata, West Bengal','033-34567890','1800-345-6789'),(164,'Anna Salai, Chennai, Tamil Nadu','044-45678901','1800-456-7890'),(165,'Marine Drive, Mumbai, Maharashtra','022-56789012','1800-567-8901'),(166,'Banjara Hills, Hyderabad, Telangana','040-67890123','1800-678-9012'),(167,'Sector 17, Chandigarh, Punjab','0172-78901234','1800-789-0123'),(168,'Indira Nagar, Lucknow, Uttar Pradesh','0522-89012345','1800-890-1234'),(169,'Bapuji Nagar, Bhubaneswar, Odisha','0674-90123456','1800-901-2345'),(170,'Lal Darwaja, Ahmedabad, Gujarat','079-01234567','1800-012-3456'),(171,'Jayanagar, Bengaluru, Karnataka','080-23456780','1800-123-4570'),(172,'Hauz Khas, New Delhi, Delhi','011-23456781','1800-234-4571'),(173,'Salt Lake, Kolkata, West Bengal','033-34567891','1800-345-4572'),(174,'T. Nagar, Chennai, Tamil Nadu','044-45678902','1800-456-4573'),(175,'Andheri, Mumbai, Maharashtra','022-56789013','1800-567-4574'),(176,'Madhapur, Hyderabad, Telangana','040-67890124','1800-678-4575'),(177,'Dhanas, Chandigarh, Punjab','0172-78901235','1800-789-4576'),(178,'Aminabad, Lucknow, Uttar Pradesh','0522-89012346','1800-890-4577'),(179,'Sahid Nagar, Bhubaneswar, Odisha','0674-90123457','1800-901-4578'),(180,'Navrangpura, Ahmedabad, Gujarat','079-01234568','1800-012-4579'),(181,'Basavanagudi, Bengaluru, Karnataka','080-23456782','1800-123-4580'),(182,'Janakpuri, New Delhi, Delhi','011-23456783','1800-234-4581'),(183,'Ballygunge, Kolkata, West Bengal','033-34567892','1800-345-4582'),(184,'Adyar, Chennai, Tamil Nadu','044-45678903','1800-456-4583'),(185,'Borivali, Mumbai, Maharashtra','022-56789014','1800-567-4584'),(186,'Kukatpally, Hyderabad, Telangana','040-67890125','1800-678-4585'),(187,'Sector 22, Chandigarh, Punjab','0172-78901236','1800-789-4586'),(188,'Hazratganj, Lucknow, Uttar Pradesh','0522-89012347','1800-890-4587'),(189,'Unit 4, Bhubaneswar, Odisha','0674-90123458','1800-901-4588'),(190,'Maninagar, Ahmedabad, Gujarat','079-01234569','1800-012-4589'),(191,'Koramangala, Bengaluru, Karnataka','080-23456784','1800-123-4590'),(192,'Rajouri Garden, New Delhi, Delhi','011-23456785','1800-234-4591'),(193,'New Alipore, Kolkata, West Bengal','033-34567893','1800-345-4592'),(194,'Velachery, Chennai, Tamil Nadu','044-45678904','1800-456-4593'),(195,'Powai, Mumbai, Maharashtra','022-56789015','1800-567-4594'),(196,'Begumpet, Hyderabad, Telangana','040-67890126','1800-678-4595'),(197,'Manimajra, Chandigarh, Punjab','0172-78901237','1800-789-4596'),(198,'Chowk, Lucknow, Uttar Pradesh','0522-89012348','1800-890-4597'),(199,'Kharvel Nagar, Bhubaneswar, Odisha','0674-90123459','1800-901-4598'),(200,'Vastrapur, Ahmedabad, Gujarat','079-01234570','1800-012-4599'),(201,'Whitefield, Bengaluru, Karnataka','080-23456786','1800-123-4600'),(202,'Dwarka, New Delhi, Delhi','011-23456787','1800-234-4601'),(203,'Behala, Kolkata, West Bengal','033-34567894','1800-345-4602'),(204,'Nungambakkam, Chennai, Tamil Nadu','044-45678905','1800-456-4603'),(205,'Malad, Mumbai, Maharashtra','022-56789016','1800-567-4604'),(206,'Jubilee Hills, Hyderabad, Telangana','040-67890127','1800-678-4605'),(207,'Panchkula, Chandigarh, Punjab','0172-78901238','1800-789-4606'),(208,'Indira Nagar, Lucknow, Uttar Pradesh','0522-89012349','1800-890-4607'),(209,'Patia, Bhubaneswar, Odisha','0674-90123460','1800-901-4608'),(210,'Satellite, Ahmedabad, Gujarat','079-01234571','1800-012-4609'),(211,'Rajajinagar, Bengaluru, Karnataka','080-23456788','1800-123-4610'),(212,'Laxmi Nagar, New Delhi, Delhi','011-23456789','1800-234-4611'),(213,'Alipore, Kolkata, West Bengal','033-34567895','1800-345-4612'),(214,'Kodambakkam, Chennai, Tamil Nadu','044-45678906','1800-456-4613'),(215,'Thane, Mumbai, Maharashtra','022-56789017','1800-567-4614'),(216,'Banjara Hills, Hyderabad, Telangana','040-67890128','1800-678-4615'),(217,'Mohali, Chandigarh, Punjab','0172-78901239','1800-789-4616'),(218,'Aliganj, Lucknow, Uttar Pradesh','0522-89012350','1800-890-4617'),(219,'Nayapalli, Bhubaneswar, Odisha','0674-90123461','1800-901-4618'),(220,'Ellis Bridge, Ahmedabad, Gujarat','079-01234572','1800-012-4619'),(221,'Ulsoor, Bengaluru, Karnataka','080-23456790','1800-123-4620'),(222,'Karol Bagh, New Delhi, Delhi','011-23456791','1800-234-4621'),(223,'Gariahat, Kolkata, West Bengal','033-34567896','1800-345-4622'),(224,'Guindy, Chennai, Tamil Nadu','044-45678907','1800-456-4623'),(225,'Vikhroli, Mumbai, Maharashtra','022-56789018','1800-567-4624'),(226,'SR Nagar, Hyderabad, Telangana','040-67890129','1800-678-4625'),(227,'Sector 38, Chandigarh, Punjab','0172-78901240','1800-789-4626'),(228,'Sitapur Road, Lucknow, Uttar Pradesh','0522-89012351','1800-890-4627'),(229,'Jayadev Vihar, Bhubaneswar, Odisha','0674-90123462','1800-901-4628'),(230,'Ghatlodia, Ahmedabad, Gujarat','079-01234573','1800-012-4629'),(231,'HSR Layout, Bengaluru, Karnataka','080-23456792','1800-123-4630'),(232,'Saket, New Delhi, Delhi','011-23456793','1800-234-4631'),(233,'Jadavpur, Kolkata, West Bengal','033-34567897','1800-345-4632'),(234,'Porur, Chennai, Tamil Nadu','044-45678908','1800-456-4633'),(235,'Goregaon, Mumbai, Maharashtra','022-56789019','1800-567-4634'),(236,'Secunderabad, Hyderabad, Telangana','040-67890130','1800-678-4635'),(237,'Sector 46, Chandigarh, Punjab','0172-78901241','1800-789-4636'),(238,'Gomti Nagar, Lucknow, Uttar Pradesh','0522-89012352','1800-890-4637'),(239,'Saheed Nagar, Bhubaneswar, Odisha','0674-90123463','1800-901-4638'),(240,'Paldi, Ahmedabad, Gujarat','079-01234574','1800-012-4639'),(241,'Rajaji Nagar, Bengaluru, Karnataka','080-23456793','1800-123-4640'),(242,'Okhla, New Delhi, Delhi','011-23456794','1800-234-4641'),(243,'Kalighat, Kolkata, West Bengal','033-34567898','1800-345-4642'),(244,'Adambakkam, Chennai, Tamil Nadu','044-45678909','1800-456-4643'),(245,'Lower Parel, Mumbai, Maharashtra','022-56789020','1800-567-4644'),(246,'Gachibowli, Hyderabad, Telangana','040-67890131','1800-678-4645'),(247,'Sector 35, Chandigarh, Punjab','0172-78901242','1800-789-4646'),(248,'Charbagh, Lucknow, Uttar Pradesh','0522-89012353','1800-890-4647'),(249,'Saheed Nagar, Bhubaneswar, Odisha','0674-90123464','1800-901-4648'),(250,'Paldi, Ahmedabad, Gujarat','079-01234575','1800-012-4650'),(251,'Shivaji Nagar, Bengaluru, Karnataka','080-23456794','1800-123-4651'),(252,'Patel Nagar, New Delhi, Delhi','011-23456795','1800-234-4652'),(253,'Ballygunge Place, Kolkata, West Bengal','033-34567899','1800-345-4653'),(254,'Kotturpuram, Chennai, Tamil Nadu','044-45678910','1800-456-4654'),(255,'Worli, Mumbai, Maharashtra','022-56789021','1800-567-4655'),(256,'Banjara Hills, Hyderabad, Telangana','040-67890132','1800-678-4656'),(257,'Sector 18, Chandigarh, Punjab','0172-78901243','1800-789-4657'),(258,'Kaiserbagh, Lucknow, Uttar Pradesh','0522-89012354','1800-890-4658'),(259,'Old Town, Bhubaneswar, Odisha','0674-90123465','1800-901-4659'),(260,'Ambawadi, Ahmedabad, Gujarat','079-01234576','1800-012-4660'),(261,'Indiranagar, Bengaluru, Karnataka','080-23456795','1800-123-4661'),(262,'Kalkaji, New Delhi, Delhi','011-23456796','1800-234-4662'),(263,'New Market, Kolkata, West Bengal','033-34567900','1800-345-4663'),(264,'Chetpet, Chennai, Tamil Nadu','044-45678911','1800-456-4664'),(265,'Bhayandar, Mumbai, Maharashtra','022-56789022','1800-567-4665'),(266,'Madhapur, Hyderabad, Telangana','040-67890133','1800-678-4666'),(267,'Sector 11, Chandigarh, Punjab','0172-78901244','1800-789-4667'),(268,'Kaiserbagh, Lucknow, Uttar Pradesh','0522-89012355','1800-890-4668'),(269,'Lingaraj Nagar, Bhubaneswar, Odisha','0674-90123466','1800-901-4669'),(270,'Nikol, Ahmedabad, Gujarat','079-01234577','1800-012-4670'),(271,'Koramangala, Bengaluru, Karnataka','080-23456796','1800-123-4671'),(272,'Moti Nagar, New Delhi, Delhi','011-23456797','1800-234-4672'),(273,'Gariahat Road, Kolkata, West Bengal','033-34567901','1800-345-4673'),(274,'Royapettah, Chennai, Tamil Nadu','044-45678912','1800-456-4674'),(275,'Sion, Mumbai, Maharashtra','022-56789023','1800-567-4675'),(276,'Ameerpet, Hyderabad, Telangana','040-67890134','1800-678-4676'),(277,'Sector 9, Chandigarh, Punjab','0172-78901245','1800-789-4677'),(278,'Kalyanpur, Lucknow, Uttar Pradesh','0522-89012356','1800-890-4678'),(279,'VSS Nagar, Bhubaneswar, Odisha','0674-90123467','1800-901-4679'),(280,'Ghodasar, Ahmedabad, Gujarat','079-01234578','1800-012-4680'),(281,'Malleswaram, Bengaluru, Karnataka','080-23456797','1800-123-4681'),(282,'Lajpat Nagar, New Delhi, Delhi','011-23456798','1800-234-4682'),(283,'Park Street, Kolkata, West Bengal','033-34567902','1800-345-4683'),(284,'Anna Nagar, Chennai, Tamil Nadu','044-45678913','1800-456-4684'),(285,'Borivali, Mumbai, Maharashtra','022-56789024','1800-567-4685'),(286,'Kukatpally, Hyderabad, Telangana','040-67890135','1800-678-4686'),(287,'Sector 9, Chandigarh, Punjab','0172-78901246','1800-789-4687'),(288,'Hazratganj, Lucknow, Uttar Pradesh','0522-89012357','1800-890-4688'),(289,'Bhubaneswar, Odisha','0674-90123468','1800-901-4689'),(290,'Navrangpura, Ahmedabad, Gujarat','079-01234579','1800-012-4690'),(291,'HSR Layout, Bengaluru, Karnataka','080-23456798','1800-123-4691'),(292,'Shahdara, New Delhi, Delhi','011-23456799','1800-234-4692'),(293,'Salt Lake City, Kolkata, West Bengal','033-34567903','1800-345-4693'),(294,'T Nagar, Chennai, Tamil Nadu','044-45678914','1800-456-4694'),(295,'Vashi, Mumbai, Maharashtra','022-56789025','1800-567-4695'),(296,'Madhapur, Hyderabad, Telangana','040-67890136','1800-678-4696'),(297,'Sector 20, Chandigarh, Punjab','0172-78901247','1800-789-4697'),(298,'Aliganj, Lucknow, Uttar Pradesh','0522-89012358','1800-890-4698'),(299,'Saheed Nagar, Bhubaneswar, Odisha','0674-90123469','1800-901-4699'),(300,'Gota, Ahmedabad, Gujarat','079-01234580','1800-012-4700'),(301,'Jayanagar, Bengaluru, Karnataka','080-23456799','1800-123-4701'),(302,'Tilak Nagar, New Delhi, Delhi','011-23456800','1800-234-4702'),(303,'New Town, Kolkata, West Bengal','033-34567904','1800-345-4703'),(304,'Chetpet, Chennai, Tamil Nadu','044-45678915','1800-456-4704'),(305,'Ghatkopar, Mumbai, Maharashtra','022-56789026','1800-567-4705'),(306,'Malkajgiri, Hyderabad, Telangana','040-67890137','1800-678-4706'),(307,'Sector 35, Chandigarh, Punjab','0172-78901248','1800-789-4707'),(308,'Kalyan, Lucknow, Uttar Pradesh','0522-89012359','1800-890-4708'),(309,'Patia, Bhubaneswar, Odisha','0674-90123470','1800-901-4709'),(310,'Bapunagar, Ahmedabad, Gujarat','079-01234581','1800-012-4710'),(311,'Koramangala, Bengaluru, Karnataka','080-23456800','1800-123-4711'),(312,'Paharganj, New Delhi, Delhi','011-23456801','1800-234-4712'),(313,'Dum Dum, Kolkata, West Bengal','033-34567905','1800-345-4713'),(314,'Adyar, Chennai, Tamil Nadu','044-45678916','1800-456-4714'),(315,'Bandra, Mumbai, Maharashtra','022-56789027','1800-567-4715'),(316,'Begumpet, Hyderabad, Telangana','040-67890138','1800-678-4716'),(317,'Sector 19, Chandigarh, Punjab','0172-78901249','1800-789-4717'),(318,'Mahanagar, Lucknow, Uttar Pradesh','0522-89012360','1800-890-4718'),(319,'Lalbagh, Bhubaneswar, Odisha','0674-90123471','1800-901-4719'),(320,'Sarkhej, Ahmedabad, Gujarat','079-01234582','1800-012-4720'),(321,'Vijayanagar, Bengaluru, Karnataka','080-23456801','1800-123-4721'),(322,'Karol Bagh, New Delhi, Delhi','011-23456802','1800-234-4722'),(323,'Siliguri, West Bengal','0353-34567906','1800-345-4723'),(324,'Nungambakkam, Chennai, Tamil Nadu','044-45678917','1800-456-4724'),(325,'Andheri, Mumbai, Maharashtra','022-56789028','1800-567-4725'),(326,'Banjara Hills, Hyderabad, Telangana','040-67890139','1800-678-4726'),(327,'Sector 11, Chandigarh, Punjab','0172-78901250','1800-789-4727'),(328,'Alambagh, Lucknow, Uttar Pradesh','0522-89012361','1800-890-4728'),(329,'Puri, Bhubaneswar, Odisha','0674-90123472','1800-901-4729'),(330,'Bapunagar, Ahmedabad, Gujarat','079-01234583','1800-012-4730'),(331,'Bannerghatta Road, Bengaluru, Karnataka','080-23456802','1800-123-4731'),(332,'Sarai Kale Khan, New Delhi, Delhi','011-23456803','1800-234-4732'),(333,'Howrah, Kolkata, West Bengal','033-34567907','1800-345-4733'),(334,'Triplicane, Chennai, Tamil Nadu','044-45678918','1800-456-4734'),(335,'Lower Parel, Mumbai, Maharashtra','022-56789029','1800-567-4735'),(336,'Kondapur, Hyderabad, Telangana','040-67890140','1800-678-4736'),(337,'Sector 4, Chandigarh, Punjab','0172-78901251','1800-789-4737'),(338,'Aliganj, Lucknow, Uttar Pradesh','0522-89012362','1800-890-4738'),(339,'Kalinga Nagar, Bhubaneswar, Odisha','0674-90123473','1800-901-4739'),(340,'Ghodasar, Ahmedabad, Gujarat','079-01234584','1800-012-4740'),(341,'Electronic City, Bengaluru, Karnataka','080-23456803','1800-123-4741'),(342,'Moti Nagar, New Delhi, Delhi','011-23456804','1800-234-4742'),(343,'Jadavpur, Kolkata, West Bengal','033-34567908','1800-345-4743'),(344,'Velachery, Chennai, Tamil Nadu','044-45678919','1800-456-4744'),(345,'Jogeshwari, Mumbai, Maharashtra','022-56789030','1800-567-4745'),(346,'Sainikpuri, Hyderabad, Telangana','040-67890141','1800-678-4746'),(347,'Sector 18, Chandigarh, Punjab','0172-78901252','1800-789-4747'),(348,'Indira Nagar, Lucknow, Uttar Pradesh','0522-89012363','1800-890-4748'),(349,'Cuttack Road, Bhubaneswar, Odisha','0674-90123474','1800-901-4749'),(350,'Gandhinagar, Ahmedabad, Gujarat','079-01234585','1800-012-4750'),(351,'Hosur Road, Bengaluru, Karnataka','080-23456804','1800-123-4751'),(352,'Vikas Puri, New Delhi, Delhi','011-23456805','1800-234-4752'),(353,'Baranagar, Kolkata, West Bengal','033-34567909','1800-345-4753'),(354,'Anna Salai, Chennai, Tamil Nadu','044-45678920','1800-456-4754'),(355,'Mulund, Mumbai, Maharashtra','022-56789031','1800-567-4755'),(356,'Panjagutta, Hyderabad, Telangana','040-67890142','1800-678-4756'),(357,'Sector 6, Chandigarh, Punjab','0172-78901253','1800-789-4757'),(358,'Ashiyana, Lucknow, Uttar Pradesh','0522-89012364','1800-890-4758'),(359,'Sundarpada, Bhubaneswar, Odisha','0674-90123475','1800-901-4759'),(360,'Vastrapur, Ahmedabad, Gujarat','079-01234586','1800-012-4760'),(361,'Koramangala, Bengaluru, Karnataka','080-23456805','1800-123-4761'),(362,'Patel Nagar, New Delhi, Delhi','011-23456806','1800-234-4762'),(363,'Ballygunge, Kolkata, West Bengal','033-34567910','1800-345-4763'),(364,'T Nagar, Chennai, Tamil Nadu','044-45678921','1800-456-4764'),(365,'Dadar, Mumbai, Maharashtra','022-56789032','1800-567-4765'),(366,'Hitech City, Hyderabad, Telangana','040-67890143','1800-678-4766'),(367,'Sector 15, Chandigarh, Punjab','0172-78901254','1800-789-4767'),(368,'Gomti Nagar, Lucknow, Uttar Pradesh','0522-89012365','1800-890-4768'),(369,'Puri Road, Bhubaneswar, Odisha','0674-90123476','1800-901-4769'),(370,'Navrangpura, Ahmedabad, Gujarat','079-01234587','1800-012-4770'),(371,'Jayanagar, Bengaluru, Karnataka','080-23456806','1800-123-4771'),(372,'Rohini, New Delhi, Delhi','011-23456807','1800-234-4772'),(373,'Jodhpur Park, Kolkata, West Bengal','033-34567911','1800-345-4773'),(374,'Mylapore, Chennai, Tamil Nadu','044-45678922','1800-456-4774'),(375,'Bandra, Mumbai, Maharashtra','022-56789033','1800-567-4775'),(376,'Kukatpally, Hyderabad, Telangana','040-67890144','1800-678-4776'),(377,'Sector 28, Chandigarh, Punjab','0172-78901255','1800-789-4777'),(378,'Alambagh, Lucknow, Uttar Pradesh','0522-89012366','1800-890-4778'),(379,'Bhubaneswar, Odisha','0674-90123477','1800-901-4779'),(380,'Vejalpur, Ahmedabad, Gujarat','079-01234588','1800-012-4780'),(381,'Bellandur, Bengaluru, Karnataka','080-23456807','1800-123-4781'),(382,'Kalkaji, New Delhi, Delhi','011-23456808','1800-234-4782'),(383,'Lake Town, Kolkata, West Bengal','033-34567912','1800-345-4783'),(384,'Perungudi, Chennai, Tamil Nadu','044-45678923','1800-456-4784'),(385,'Versova, Mumbai, Maharashtra','022-56789034','1800-567-4785'),(386,'LB Nagar, Hyderabad, Telangana','040-67890145','1800-678-4786'),(387,'Sector 37, Chandigarh, Punjab','0172-78901256','1800-789-4787'),(388,'Hazratganj, Lucknow, Uttar Pradesh','0522-89012367','1800-890-4788'),(389,'Dhenkanal, Bhubaneswar, Odisha','0674-90123478','1800-901-4789'),(390,'Maninagar, Ahmedabad, Gujarat','079-01234589','1800-012-4790'),(391,'Shivaji Nagar, Bengaluru, Karnataka','080-23456808','1800-123-4791'),(392,'Pitampura, New Delhi, Delhi','011-23456809','1800-234-4792'),(393,'Mominpore, Kolkata, West Bengal','033-34567913','1800-345-4793'),(394,'Vadapalani, Chennai, Tamil Nadu','044-45678924','1800-456-4794'),(395,'Mulund West, Mumbai, Maharashtra','022-56789035','1800-567-4795'),(396,'Sangareddy, Hyderabad, Telangana','040-67890146','1800-678-4796'),(397,'Sector 12, Chandigarh, Punjab','0172-78901257','1800-789-4797'),(398,'Indirapuram, Lucknow, Uttar Pradesh','0522-89012368','1800-890-4798'),(399,'Balasore, Bhubaneswar, Odisha','0674-90123479','1800-901-4799'),(400,'Vikramshila, Ahmedabad, Gujarat','079-01234590','1800-012-4800');
/*!40000 ALTER TABLE `avail_center` ENABLE KEYS */;
UNLOCK TABLES;

--
-- Table structure for table `insurance`
--

DROP TABLE IF EXISTS `insurance`;
/*!40101 SET @saved_cs_client     = @@character_set_client */;
/*!50503 SET character_set_client = utf8mb4 */;
CREATE TABLE `insurance` (
  `insurance_id` int NOT NULL AUTO_INCREMENT,
  `policy_name` varchar(255) NOT NULL,
  `description` text,
  `type` varchar(255) DEFAULT NULL,
  `start_date` date DEFAULT NULL,
  `duration` int DEFAULT NULL,
  `income` decimal(15,2) DEFAULT NULL,
  `birth_year` int DEFAULT NULL,
  `state` varchar(50) DEFAULT NULL,
  `link` text,
  `premium` decimal(15,2) DEFAULT NULL,
  `organization_id` int DEFAULT NULL,
  PRIMARY KEY (`insurance_id`),
  KEY `fk_organization_insurance` (`organization_id`),
  CONSTRAINT `fk_organization_insurance` FOREIGN KEY (`organization_id`) REFERENCES `organization` (`organization_id`) ON DELETE SET NULL
) ENGINE=InnoDB DEFAULT CHARSET=utf8mb4 COLLATE=utf8mb4_0900_ai_ci;
/*!40101 SET character_set_client = @saved_cs_client */;

--
-- Dumping data for table `insurance`
--

LOCK TABLES `insurance` WRITE;
/*!40000 ALTER TABLE `insurance` DISABLE KEYS */;
/*!40000 ALTER TABLE `insurance` ENABLE KEYS */;
UNLOCK TABLES;

--
-- Table structure for table `insuranceproviders`
--

DROP TABLE IF EXISTS `insuranceproviders`;
/*!40101 SET @saved_cs_client     = @@character_set_client */;
/*!50503 SET character_set_client = utf8mb4 */;
CREATE TABLE `insuranceproviders` (
  `organization_id` int NOT NULL,
  `insurance_id` int NOT NULL,
  PRIMARY KEY (`organization_id`,`insurance_id`),
  KEY `insurance_id` (`insurance_id`),
  CONSTRAINT `insuranceproviders_ibfk_1` FOREIGN KEY (`organization_id`) REFERENCES `organization` (`organization_id`),
  CONSTRAINT `insuranceproviders_ibfk_2` FOREIGN KEY (`insurance_id`) REFERENCES `insurance` (`insurance_id`)
) ENGINE=InnoDB DEFAULT CHARSET=utf8mb4 COLLATE=utf8mb4_0900_ai_ci;
/*!40101 SET character_set_client = @saved_cs_client */;

--
-- Dumping data for table `insuranceproviders`
--

LOCK TABLES `insuranceproviders` WRITE;
/*!40000 ALTER TABLE `insuranceproviders` DISABLE KEYS */;
/*!40000 ALTER TABLE `insuranceproviders` ENABLE KEYS */;
UNLOCK TABLES;

--
-- Table structure for table `organization`
--

DROP TABLE IF EXISTS `organization`;
/*!40101 SET @saved_cs_client     = @@character_set_client */;
/*!50503 SET character_set_client = utf8mb4 */;
CREATE TABLE `organization` (
  `organization_id` int NOT NULL AUTO_INCREMENT,
  `organization_name` varchar(255) NOT NULL,
  PRIMARY KEY (`organization_id`)
) ENGINE=InnoDB AUTO_INCREMENT=61 DEFAULT CHARSET=utf8mb4 COLLATE=utf8mb4_0900_ai_ci;
/*!40101 SET character_set_client = @saved_cs_client */;

--
-- Dumping data for table `organization`
--

LOCK TABLES `organization` WRITE;
/*!40000 ALTER TABLE `organization` DISABLE KEYS */;
INSERT INTO `organization` VALUES (1,'Ministry of Finance'),(2,'Department for Promotion of Industry'),(3,'Ministry of Micro, Small & Medium'),(4,'Ministry of Commerce & Industry'),(5,'Ministry of Skill Development & Ent.'),(6,'Ministry of Labour & Employment'),(7,'Khadi & Village Industries Commission'),(8,'SIDBI & Ministry of MSME'),(9,'Government of Karnataka'),(10,'Government of Kerala'),(11,'Government of Tamil Nadu'),(12,'Small Farmers’ Agribusiness Consortium'),(13,'Ministry of Finance'),(14,'Govt. of Uttar Pradesh'),(15,'Govt. of Odisha'),(16,'Govt. of Maharashtra'),(17,'Govt. of Andhra Pradesh'),(18,'Ministry of Health'),(19,'Ministry of Rural Development'),(20,'Ministry of Housing & Urban Affairs'),(21,'Govt. of Madhya Pradesh'),(22,'Ministry of Labour and Employment'),(23,'Govt. of Haryana'),(24,'Govt. of Assam'),(25,'Govt. of Gujarat'),(26,'Govt. of West Bengal'),(27,'Ministry of Women and Child Development'),(28,'National Health Authority'),(29,'Ministry of Labour & Employment'),(30,'Ministry of Health & Family Welfare'),(31,'Department of Pharmaceuticals'),(32,'Ministry of Women & Child Development'),(38,'Ministry of Agriculture & Farmers Welfare'),(39,'National Bank for Agriculture and Rural Development (NABARD)'),(40,'Government of Madhya Pradesh'),(41,'Government of Maharashtra'),(42,'Government of Andhra Pradesh'),(43,'Government of Tamil Nadu'),(44,'Government of Rajasthan'),(45,'Government of Gujarat'),(46,'Government of Jharkhand'),(47,'Government of Karnataka'),(48,'Government of West Bengal'),(49,'Government of Odisha'),(50,'Ministry of Education'),(51,'University Grants Commission (UGC)'),(52,'Government of Maharashtra'),(53,'Government of Tamil Nadu'),(54,'Government of West Bengal'),(55,'Government of Rajasthan'),(56,'Government of Andhra Pradesh'),(57,'Government of Haryana'),(58,'Government of Madhya Pradesh'),(59,'Government of Kerala'),(60,'Government of Karnataka');
/*!40000 ALTER TABLE `organization` ENABLE KEYS */;
UNLOCK TABLES;

--
-- Table structure for table `schemeavailability`
--

DROP TABLE IF EXISTS `schemeavailability`;
/*!40101 SET @saved_cs_client     = @@character_set_client */;
/*!50503 SET character_set_client = utf8mb4 */;
CREATE TABLE `schemeavailability` (
  `scheme_id` int NOT NULL,
  `center_id` int NOT NULL,
  PRIMARY KEY (`scheme_id`,`center_id`),
  KEY `center_id` (`center_id`),
  CONSTRAINT `schemeavailability_ibfk_1` FOREIGN KEY (`scheme_id`) REFERENCES `schemes` (`scheme_id`),
  CONSTRAINT `schemeavailability_ibfk_2` FOREIGN KEY (`center_id`) REFERENCES `avail_center` (`center_id`)
) ENGINE=InnoDB DEFAULT CHARSET=utf8mb4 COLLATE=utf8mb4_0900_ai_ci;
/*!40101 SET character_set_client = @saved_cs_client */;

--
-- Dumping data for table `schemeavailability`
--

LOCK TABLES `schemeavailability` WRITE;
/*!40000 ALTER TABLE `schemeavailability` DISABLE KEYS */;
INSERT INTO `schemeavailability` VALUES (202,5),(202,6),(202,7),(202,8),(203,9),(203,10),(203,11),(203,12),(204,13),(204,14),(204,15),(204,16),(205,17),(205,18),(205,19),(205,20),(206,21),(206,22),(206,23),(206,24),(207,25),(207,26),(207,27),(207,28),(208,29),(208,30),(208,31),(208,32),(209,33),(209,34),(209,35),(209,36),(210,37),(210,38),(210,39),(210,40),(211,41),(211,42),(211,43),(211,44),(212,45),(212,46),(212,47),(212,48),(213,49),(213,50),(213,51),(213,52),(214,53),(214,54),(214,55),(214,56),(215,57),(215,58),(215,59),(215,60),(216,61),(216,62),(216,63),(216,64),(217,65),(217,66),(217,67),(217,68),(218,69),(218,70),(218,71),(218,72),(219,73),(219,74),(219,75),(219,76),(220,77),(220,78),(220,79),(220,80),(221,81),(221,82),(221,83),(221,84),(222,85),(222,86),(222,87),(222,88),(223,89),(223,90),(223,91),(223,92),(224,93),(224,94),(224,95),(224,96),(225,97),(225,98),(225,99),(225,100),(226,101),(226,102),(226,103),(226,104),(227,105),(227,106),(227,107),(227,108),(228,109),(228,110),(228,111),(228,112),(229,113),(229,114),(229,115),(229,116),(230,117),(230,118),(230,119),(230,120),(231,121),(231,122),(231,123),(231,124),(232,125),(232,126),(232,127),(232,128),(233,129),(233,130),(233,131),(233,132),(234,133),(234,134),(234,135),(234,136),(235,137),(235,138),(235,139),(235,140),(236,141),(236,142),(236,143),(236,144),(237,145),(237,146),(237,147),(237,148),(238,149),(238,150),(238,151),(238,152),(239,153),(239,154),(239,155),(239,156),(240,157),(240,158),(240,159),(240,160),(241,161),(241,162),(241,163),(241,164),(242,165),(242,166),(242,167),(242,168),(243,169),(243,170),(243,171),(243,172),(244,173),(244,174),(244,175),(244,176),(245,177),(245,178),(245,179),(245,180),(246,181),(246,182),(246,183),(246,184),(247,185),(247,186),(247,187),(247,188),(248,189),(248,190),(248,191),(248,192),(249,193),(249,194),(249,195),(249,196),(250,197),(250,198),(250,199),(250,200),(251,201),(251,202),(251,203),(251,204),(252,205),(252,206),(252,207),(252,208),(253,209),(253,210),(253,211),(253,212),(254,213),(254,214),(254,215),(254,216),(255,217),(255,218),(255,219),(255,220),(256,221),(256,222),(256,223),(256,224),(257,225),(257,226),(257,227),(257,228),(258,229),(258,230),(258,231),(258,232),(259,233),(259,234),(259,235),(259,236),(260,237),(260,238),(260,239),(260,240),(261,241),(261,242),(261,243),(261,244),(262,245),(262,246),(262,247),(262,248),(263,249),(263,250),(263,251),(263,252),(264,253),(264,254),(264,255),(264,256),(265,257),(265,258),(265,259),(265,260),(266,261),(266,262),(266,263),(266,264),(267,265),(267,266),(267,267),(267,268),(268,269),(268,270),(268,271),(268,272),(269,273),(269,274),(269,275),(269,276),(270,277),(270,278),(270,279),(270,280),(271,281),(271,282),(271,283),(271,284),(272,285),(272,286),(272,287),(272,288),(273,289),(273,290),(273,291),(273,292),(274,293),(274,294),(274,295),(274,296),(275,297),(275,298),(275,299),(275,300),(276,301),(276,302),(276,303),(276,304),(277,305),(277,306),(277,307),(277,308),(278,309),(278,310),(278,311),(278,312),(279,313),(279,314),(279,315),(279,316),(280,317),(280,318),(280,319),(280,320),(281,321),(281,322),(281,323),(281,324),(282,325),(282,326),(282,327),(282,328),(283,329),(283,330),(283,331),(283,332),(284,333),(284,334),(284,335),(284,336),(285,337),(285,338),(285,339),(285,340),(286,341),(286,342),(286,343),(286,344),(287,345),(287,346),(287,347),(287,348),(288,349),(288,350),(288,351),(288,352),(289,353),(289,354),(289,355),(289,356),(290,357),(290,358),(290,359),(290,360),(291,361),(291,362),(291,363),(291,364),(292,365),(292,366),(292,367),(292,368),(293,369),(293,370),(293,371),(293,372),(294,373),(294,374),(294,375),(294,376),(295,377),(295,378),(295,379),(295,380),(296,381),(296,382),(296,383),(296,384),(297,385),(297,386),(297,387),(297,388),(298,389),(298,390),(298,391),(298,392),(299,393),(299,394),(299,395),(299,396),(300,397),(300,398),(300,399),(300,400);
/*!40000 ALTER TABLE `schemeavailability` ENABLE KEYS */;
UNLOCK TABLES;

--
-- Table structure for table `schemeproviders`
--

DROP TABLE IF EXISTS `schemeproviders`;
/*!40101 SET @saved_cs_client     = @@character_set_client */;
/*!50503 SET character_set_client = utf8mb4 */;
CREATE TABLE `schemeproviders` (
  `organization_id` int NOT NULL,
  `scheme_id` int NOT NULL,
  PRIMARY KEY (`organization_id`,`scheme_id`),
  KEY `scheme_id` (`scheme_id`),
  CONSTRAINT `schemeproviders_ibfk_1` FOREIGN KEY (`organization_id`) REFERENCES `organization` (`organization_id`),
  CONSTRAINT `schemeproviders_ibfk_2` FOREIGN KEY (`scheme_id`) REFERENCES `schemes` (`scheme_id`)
) ENGINE=InnoDB DEFAULT CHARSET=utf8mb4 COLLATE=utf8mb4_0900_ai_ci;
/*!40101 SET character_set_client = @saved_cs_client */;

--
-- Dumping data for table `schemeproviders`
--

LOCK TABLES `schemeproviders` WRITE;
/*!40000 ALTER TABLE `schemeproviders` DISABLE KEYS */;
INSERT INTO `schemeproviders` VALUES (2,202),(1,203),(3,204),(4,205),(5,206),(3,207),(6,208),(3,209),(3,210),(7,211),(8,212),(1,213),(8,214),(3,215),(9,216),(9,217),(10,218),(11,219),(12,220),(13,221),(14,222),(15,223),(16,224),(17,225),(18,226),(19,227),(20,228),(21,229),(22,230),(23,231),(24,232),(18,233),(25,234),(19,235),(26,236),(27,237),(22,238),(27,239),(20,240),(28,241),(29,242),(30,243),(30,244),(30,245),(30,246),(30,247),(28,248),(31,249),(30,250),(32,251),(30,252),(30,253),(30,254),(30,255),(30,256),(30,257),(30,258),(30,259),(30,260),(38,261),(38,262),(38,263),(38,264),(39,265),(46,266),(40,267),(41,268),(39,269),(42,270),(47,271),(43,272),(45,273),(44,274),(41,275),(49,276),(48,277),(38,278),(38,279),(40,280),(50,281),(51,282),(50,283),(52,284),(53,285),(54,286),(55,287),(56,288),(57,289),(58,290),(59,291),(60,292),(50,293),(50,294),(51,295),(50,296),(50,297),(50,298),(50,299),(58,300);
/*!40000 ALTER TABLE `schemeproviders` ENABLE KEYS */;
UNLOCK TABLES;

--
-- Table structure for table `schemes`
--

DROP TABLE IF EXISTS `schemes`;
/*!40101 SET @saved_cs_client     = @@character_set_client */;
/*!50503 SET character_set_client = utf8mb4 */;
CREATE TABLE `schemes` (
  `scheme_id` int NOT NULL AUTO_INCREMENT,
  `scheme_name` varchar(255) NOT NULL,
  `description` text,
  `sector` varchar(255) DEFAULT NULL,
  `gender` enum('Male','Female','Other','Both') DEFAULT NULL,
  `start_date` date DEFAULT NULL,
  `end_date` date DEFAULT NULL,
  `birth_year_eligibility` int DEFAULT NULL,
  `income_eligibility` decimal(15,2) DEFAULT NULL,
  `state` varchar(50) DEFAULT NULL,
  `link` text,
  `organization_id` int DEFAULT NULL,
  PRIMARY KEY (`scheme_id`),
  KEY `fk_organization` (`organization_id`),
  CONSTRAINT `fk_organization` FOREIGN KEY (`organization_id`) REFERENCES `organization` (`organization_id`) ON DELETE SET NULL
) ENGINE=InnoDB AUTO_INCREMENT=303 DEFAULT CHARSET=utf8mb4 COLLATE=utf8mb4_0900_ai_ci;
/*!40101 SET character_set_client = @saved_cs_client */;

--
-- Dumping data for table `schemes`
--

LOCK TABLES `schemes` WRITE;
/*!40000 ALTER TABLE `schemes` DISABLE KEYS */;
INSERT INTO `schemes` VALUES (202,'Startup India','Supports startups with funding, tax benefits, and regulatory support.','Business','Both','2016-01-16',NULL,NULL,150000.00,'Madhya Pradesh','https://dpiit.gov.in/',2),(203,'Stand-Up India','Loans for SC/ST and women entrepreneurs to start businesses.','Business','Female','2016-04-05',NULL,NULL,300000.00,'Maharashtra','https://financialservices.gov.in/',1),(204,'Atmanirbhar Bharat Abhiyan','Self-reliant initiative for MSMEs and startups.','Business','Both','2020-05-12',NULL,NULL,250000.00,'Rajasthan','https://msme.gov.in/',3),(205,'Make in India','Boosts domestic manufacturing and investment in India.','Business','Both','2014-09-25',NULL,NULL,100000.00,'Haryana','https://www.makeinindia.com/',4),(206,'Skill India Mission','Develops skills among youth to enhance employability.','Business','Both','2015-07-15',NULL,NULL,350000.00,'Odisha','https://skillindia.gov.in/',5),(207,'Udyog Aadhaar Registration','Simplified registration for MSMEs to access schemes and subsidies.','Business','Both','2015-09-18',NULL,NULL,200000.00,'Madhya Pradesh','https://udyamregistration.gov.in/',3),(208,'Pradhan Mantri Rozgar Yojana (PMRY)','Provides credit for unemployed youth to encourage self-employment.','Business','Male','1993-10-02',NULL,NULL,400000.00,'Maharashtra','https://labour.gov.in/',6),(209,'Credit Linked Capital Subsidy Scheme','Subsidizes tech upgrades for small-scale industries.','Business','Both','2000-10-01',NULL,NULL,300000.00,'Rajasthan','https://msme.gov.in/',3),(210,'Digital MSME Scheme','Promotes digital tools for MSMEs to improve productivity.','Business','Both','2017-06-29',NULL,NULL,150000.00,'Haryana','https://msme.gov.in/',3),(211,'Prime Minister\'s Employment Generation','Supports new micro-enterprises and job creation in rural/urban areas.','Business','Both','2008-08-15',NULL,NULL,100000.00,'Odisha','https://www.kviconline.gov.in/',7),(212,'Credit Guarantee Fund for MSMEs','Provides collateral-free loans to MSMEs.','Business','Both','2000-08-30',NULL,NULL,250000.00,'Andhra Pradesh','https://www.cgtmse.in/',8),(213,'Stand Up India Scheme','Offers ₹10 lakh to ₹1 crore loans for women and SC/ST entrepreneurs.','Business','Female','2016-04-05',NULL,NULL,200000.00,'Assam','https://financialservices.gov.in/',1),(214,'SIDBI SMILE Scheme','Financial assistance for MSMEs under Make in India initiative.','Business','Both','2015-08-18',NULL,NULL,350000.00,'Bihar','https://www.sidbi.in/',8),(215,'Zero Defect Zero Effect Scheme (ZED)','Focuses on quality standards and zero-defect manufacturing for MSMEs.','Business','Both','2016-04-15',NULL,NULL,400000.00,'Chhattisgarh','https://msme.gov.in/',3),(216,'Deendayal Antyodaya Yojana (DAY-NULM)','Promotes self-employment for urban poor and homeless.','Business','Both','2013-09-20',NULL,NULL,300000.00,'Madhya Pradesh','https://nulm.gov.in/',9),(217,'Karnataka Udyog Mitra','Single-window clearance for MSME projects to boost ease of doing business.','Business','Both','2017-09-18',NULL,NULL,150000.00,'Karnataka','https://kum.karnataka.gov.in/',9),(218,'Kerala Startup Mission','Provides incubation support, funding, and mentoring to startups.','Business','Both','2014-07-01',NULL,NULL,100000.00,'Kerala','https://startupmission.kerala.gov.in/',10),(219,'Tamil Nadu New Entrepreneur Cum Enterprise','Loan scheme for new entrepreneurs to establish enterprises in Tamil Nadu.','Business','Both','2016-02-04',NULL,NULL,250000.00,'Tamil Nadu','https://msmeonline.tn.gov.in/',11),(220,'Venture Capital Assistance Scheme','Equity funding for agri-business projects in rural areas.','Business','Both','2005-12-22',NULL,NULL,200000.00,'Haryana','https://sfacindia.com/',12),(221,'Pradhan Mantri Jan Dhan Yojana (PMJDY)','Financial inclusion initiative with zero-balance bank accounts and insurance.','Social Welfare','Both','2014-08-28',NULL,NULL,350000.00,'Odisha','https://pmjdy.gov.in',13),(222,'Mukhya Mantri Kanya Sumangala Yojana','Financial support for families in Uttar Pradesh for girl child welfare.','Social Welfare','Female','2019-01-24',NULL,NULL,400000.00,'Uttar Pradesh','https://swd.up.gov.in/',14),(223,'Krushak Assistance for Livelihood (KALIA)','Financial assistance to small and marginal farmers, landless farmers, and vulnerable groups.','Social Welfare','Both','2018-12-21',NULL,NULL,300000.00,'Odisha','https://kalia.co.in',15),(224,'Mahatma Jyotiba Phule Jan Arogya Yojana','Health insurance covering up to ₹1.5 lakh for economically vulnerable families.','Social Welfare','Both','2012-07-01',NULL,NULL,150000.00,'Maharashtra','https://www.jeevandayee.gov.in',16),(225,'YSR Pension Kanuka','Provides social security pensions to elderly, widows, and disabled individuals.','Social Welfare','Both','2019-06-01',NULL,1964,100000.00,'Andhra Pradesh','https://sspensions.ap.gov.in',17),(226,'Ayushman Bharat','Health insurance with up to ₹5 lakh coverage per family per year for the poor.','Social Welfare','Both','2018-09-23',NULL,NULL,250000.00,'Kerala','https://pmjay.gov.in',18),(227,'Annapurna Scheme','Free food grains for elderly individuals not covered under other pension schemes.','Social Welfare','Both','2000-01-01',NULL,1959,200000.00,'Madhya Pradesh','https://nfsa.gov.in',19),(228,'Deendayal Antyodaya Yojana','Provides employment and skill development for the urban poor.','Social Welfare','Both','2014-09-25',NULL,NULL,350000.00,'Maharashtra','https://daynulsdm.in',20),(229,'Yuva Swabhiman Yojana','Skill development and employment scheme for economically vulnerable youth.','Social Welfare','Both','2019-02-01',NULL,2005,400000.00,'Madhya Pradesh','https://yuvaswabhimaan.mp.gov.in',21),(230,'Rajiv Gandhi Shramik Kalyan Yojana','Provides unemployment benefits to insured individuals in case of job loss.','Social Welfare','Both','2005-04-01',NULL,NULL,300000.00,'Haryana','https://www.esic.nic.in',22),(231,'Mukhyamantri Parivar Samridhi Yojana','Financial assistance to economically vulnerable families.','Social Welfare','Both','2019-08-21',NULL,NULL,150000.00,'Haryana','https://cmpsy.haryana.gov.in',23),(232,'Chief Minister’s Relief Fund','Provides financial assistance for medical treatment of BPL families in Assam.','Social Welfare','Both','2005-01-01',NULL,NULL,100000.00,'Assam','https://cm.assam.gov.in',24),(233,'Janani Suraksha Yojana (JSY)','Promotes institutional deliveries with financial assistance to reduce maternal and infant mortality.','Social Welfare','Female','2005-04-12',NULL,NULL,250000.00,'Nagaland','https://nhm.gov.in',18),(234,'Mukhyamantri Amrutum Yojana','Health coverage for low-income families covering up to ₹3 lakh per year.','Social Welfare','Both','2012-09-04',NULL,NULL,200000.00,'Gujarat','https://magujarat.com',25),(235,'National Family Benefit Scheme (NFBS)','Lump-sum payment for BPL families in case of the primary breadwinner\'s death.','Social Welfare','Both','1995-08-15',NULL,NULL,350000.00,'Sikkim','https://nfsa.gov.in',19),(236,'Swasthya Sathi Scheme','Health insurance covering up to ₹5 lakh for all residents of West Bengal.','Social Welfare','Both','2016-12-30',NULL,NULL,400000.00,'West Bengal','https://swasthyasathi.gov.in',26),(237,'Indira Gandhi Matritva Sahyog Yojana','Provides cash incentives to pregnant women to encourage institutional deliveries.','Social Welfare','Female','2010-10-01',NULL,NULL,300000.00,'Madhya Pradesh','https://wcd.nic.in',27),(238,'Unorganized Workers Social Security Act Scheme','Social security for unorganized workers in case of illness, maternity, disability, and old age.','Social Welfare','Both','2008-12-30',NULL,NULL,150000.00,'Maharashtra','https://labour.gov.in',22),(239,'Beti Bachao Beti Padhao','Promotes the welfare of the girl child through health and education support.','Social Welfare','Female','2015-01-22',NULL,2005,100000.00,'Rajasthan','https://wcd.nic.in',27),(240,'Pradhan Mantri Awas Yojana (PMAY)','Affordable housing scheme for urban and rural poor.','Social Welfare','Both','2015-06-25',NULL,NULL,250000.00,'Haryana','https://pmaymis.gov.in',20),(241,'Ayushman Bharat - PMJAY','Health insurance up to ₹5 lakh per family per year for hospitalization','Healthcare','Both','2018-09-23',NULL,2002,200000.00,'Odisha','https://www.pmjay.gov.in/',28),(242,'Rashtriya Swasthya Bima Yojana (RSBY)','Health insurance for BPL families covering hospitalization expenses','Healthcare','Both','2008-04-01',NULL,NULL,350000.00,'Telangana','https://labour.gov.in/RSBY',29),(243,'Janani Suraksha Yojana (JSY)','Financial support for institutional deliveries','Healthcare','Female','2005-04-12',NULL,1990,400000.00,'Tripura','https://www.nhp.gov.in/janani-suraksha-yojana-jsy_pg',30),(244,'Pradhan Mantri Surakshit Matritva Abhiyan (PMSMA)','Free antenatal check-ups for pregnant women','Healthcare','Female','2016-07-01',NULL,2005,300000.00,'Uttar Pradesh','https://pmsma.nhp.gov.in/',30),(245,'Pradhan Mantri National Dialysis Program','Free dialysis services for economically disadvantaged patients','Healthcare','Both','2016-02-23',NULL,NULL,150000.00,'Uttarakhand','https://www.nhp.gov.in/pradhan-mantri-national-dialysis-program_pg',30),(246,'National Health Mission (NHM)','Strengthens healthcare access in rural and urban areas','Healthcare','Both','2013-05-01',NULL,NULL,100000.00,'West Bengal','http://nhm.gov.in/',30),(247,'Janani Shishu Suraksha Karyakram (JSSK)','Free medical services for pregnant women and newborns','Healthcare','Female','2011-06-01',NULL,2007,250000.00,'Madhya Pradesh','https://www.nhp.gov.in/janani-shishu-suraksha-karyakram-jssk_pg',30),(248,'Ayushman Bharat Health and Wellness Centres','Primary healthcare centers with preventive and curative services','Healthcare','Both','2018-02-14',NULL,NULL,200000.00,'Maharashtra','https://ab-hwc.nhp.gov.in/',28),(249,'Pradhan Mantri Bhartiya Janaushadhi Pariyojana','Affordable medicines through government-run stores','Healthcare','Both','2008-07-01',NULL,NULL,350000.00,'Rajasthan','https://janaushadhi.gov.in/',31),(250,'Mission Indradhanush','Immunization program for children and pregnant women','Healthcare','Both','2014-12-25',NULL,2018,400000.00,'Haryana','https://www.nhp.gov.in/mission-indradhanush1_pg',30),(251,'Pradhan Mantri Matru Vandana Yojana (PMMVY)','Maternity benefits for pregnant and lactating women','Healthcare','Female','2017-01-01',NULL,2005,300000.00,'Odisha','https://pmmvy-cas.nic.in/',32),(252,'Universal Immunization Programme (UIP)','Vaccines for children against various diseases','Healthcare','Both','1985-03-19',NULL,2018,150000.00,'Arunachal Pradesh','https://www.nhp.gov.in/universal-immunisation-programme_pg',30),(253,'National Mental Health Programme','Expands access to mental healthcare services','Healthcare','Both','1982-01-01',NULL,NULL,100000.00,'Manipur','https://www.nhp.gov.in/national-mental-health-programme_pg',30),(254,'Anemia Mukt Bharat','Reduces anemia prevalence in children, adolescents, and women','Healthcare','Both','2018-01-01',NULL,2007,250000.00,'Meghalaya','https://anemiamuktbharat.info/',30),(255,'Rashtriya Bal Swasthya Karyakram (RBSK)','Early screening and intervention for children','Healthcare','Both','2013-02-06',NULL,2018,200000.00,'Puducherry','https://www.nhm.gov.in/index1.php?lang=1&level=2&sublinkid=1190&lid=630',30),(256,'National Program for Control of Blindness','Reduce blindness by providing cataract surgeries and eye care','Healthcare','Both','1976-01-01',NULL,NULL,350000.00,'Chandigarh','https://www.nhp.gov.in/national-programme-for-control-of-blindness_pg',30),(257,'National Leprosy Eradication Programme','Provide leprosy diagnosis and treatment free of cost','Healthcare','Both','1955-01-01',NULL,NULL,400000.00,'Madhya Pradesh','https://www.nhp.gov.in/national-leprosy-eradication-programme_pg',30),(258,'National Tuberculosis Elimination Programme (NTEP)','Provide free TB diagnosis and treatment to patients','Healthcare','Both','1962-01-01',NULL,NULL,300000.00,'Maharashtra','https://www.nhp.gov.in/ntep_pg',30),(259,'National AIDS Control Programme (NACP)','Prevent and control the spread of HIV/AIDS through awareness and free treatment','Healthcare','Both','1992-12-01',NULL,NULL,150000.00,'Rajasthan','https://www.naco.gov.in/',30),(260,'Pulse Polio Immunization Programme','Provide oral polio vaccines to eliminate polio','Healthcare','Both','1995-01-01',NULL,2018,100000.00,'Haryana','https://www.nhp.gov.in/pulse-polio-program_pg',30),(261,'Pradhan Mantri Fasal Bima Yojana (PMFBY)','Crop insurance scheme for farmers covering weather-based and yield losses','Agriculture','Both','2016-04-01',NULL,2005,250000.00,'Odisha','https://pmfby.gov.in/',38),(262,'Soil Health Card Scheme','Provides soil health cards to farmers for better crop management','Agriculture','Both','2015-02-19',NULL,2005,200000.00,'Lakshadweep','https://soilhealth.dac.gov.in/',38),(263,'Rashtriya Krishi Vikas Yojana (RKVY)','Financial aid to states to strengthen agriculture and allied sectors','Agriculture','Both','2007-08-01',NULL,2005,350000.00,'Delhi','https://rkvy.nic.in/',38),(264,'Pradhan Mantri Krishi Sinchai Yojana (PMKSY)','Aims to improve farm productivity and ensure better utilization of resources','Agriculture','Both','2015-07-01',NULL,2005,400000.00,'Goa','https://pmksy.gov.in/',38),(265,'Kisan Credit Card (KCC) Scheme','Provides short-term credit to farmers for crop cultivation and other expenses','Agriculture','Both','1998-08-01',NULL,2005,300000.00,'Himachal Pradesh','https://www.nabard.org/',39),(266,'Mukhya Mantri Krishi Ashirwad Yojana','Income support scheme for small and marginal farmers','Agriculture','Both','2019-01-01',NULL,2005,150000.00,'Jharkhand','https://www.jharkhand.gov.in/',46),(267,'Bavantar Bhugtan Yojana','Compensation for low market prices for agricultural produce','Agriculture','Both','2017-10-01',NULL,2005,100000.00,'Madhya Pradesh','https://mpkrishi.mp.gov.in/',40),(268,'Maharashtra Farm Loan Waiver Scheme','Farm loan waiver for economically weaker farmers','Agriculture','Both','2017-06-01',NULL,2005,250000.00,'Maharashtra','https://www.maharashtra.gov.in/',41),(269,'Yuva Sahakar Scheme','Promotes cooperative businesses among youth in agriculture','Agriculture','Both','2018-11-14',NULL,1985,200000.00,'Tripura','https://www.ncdc.in/',39),(270,'Andhra Pradesh Zero Budget Natural Farming','Promotes natural farming to reduce dependency on chemicals','Agriculture','Both','2015-04-01',NULL,2005,350000.00,'Andhra Pradesh','https://apzbnf.in/',42),(271,'Karnataka Raitha Suraksha Pradhan Mantri Fasal Bima Yojana','Crop insurance specific to Karnataka under PMFBY','Agriculture','Both','2018-06-01',NULL,2005,400000.00,'Karnataka','https://pmfby.gov.in/',47),(272,'Tamil Nadu Agricultural Labourers Insurance Scheme','Insurance scheme for agricultural laborers in Tamil Nadu','Agriculture','Both','2007-08-01',NULL,2005,300000.00,'Tamil Nadu','https://www.tn.gov.in/',43),(273,'Mukhya Mantri Kisan Sahay Yojana','Provides compensation to farmers for crop losses due to natural disasters','Agriculture','Both','2020-08-14',NULL,2005,150000.00,'Gujarat','https://ikhedut.gujarat.gov.in/',45),(274,'Rajasthan Mukhyamantri Krishak Sathi Yojana','Provides financial aid to farmers and agricultural laborers','Agriculture','Both','2019-06-01',NULL,2005,100000.00,'Rajasthan','https://rajasthan.gov.in/',44),(275,'Atal Solar Krishi Pump Yojana','Encourages farmers to use solar pumps for irrigation','Agriculture','Both','2018-11-01',NULL,2005,250000.00,'Maharashtra','https://www.maharashtra.gov.in/',41),(276,'Odisha Mukhyamantri Krushi Udyog Yojana','Provides financial aid for agribusiness initiatives','Agriculture','Both','2017-01-01',NULL,2005,200000.00,'Odisha','https://agriodisha.nic.in/',49),(277,'West Bengal Krishak Bandhu Scheme','Income support for farmers and insurance coverage for farmer families','Agriculture','Both','2018-12-01',NULL,2005,350000.00,'West Bengal','https://matirkatha.gov.in/',48),(278,'Paramparagat Krishi Vikas Yojana (PKVY)','Promotes organic farming through a cluster approach','Agriculture','Both','2015-04-01',NULL,2005,400000.00,'Uttar Pradesh','https://pky.gov.in/',38),(279,'National Mission for Sustainable Agriculture (NMSA)','Promotes sustainable agriculture with a focus on rain-fed areas','Agriculture','Both','2014-07-01',NULL,2005,300000.00,'Uttarakhand','https://nmsa.dac.gov.in/',38),(280,'Mukhya Mantri Khet Suraksha Yojana','Provides fencing support for farms to prevent wildlife damage','Agriculture','Both','2019-01-01',NULL,2005,150000.00,'Himachal Pradesh','https://himachal.nic.in/',40),(281,'National Means-cum-Merit Scholarship','Scholarships for meritorious students from economically disadvantaged backgrounds','Education','Both','2008-05-01',NULL,2008,100000.00,'Bihar','https://www.education.gov.in/en/nmms',50),(282,'Pragati Scholarship for Girls','Scholarship for girl students pursuing technical education','Education','Female','2014-07-01',NULL,2004,250000.00,'Chhattisgarh','https://scholarships.gov.in/',51),(283,'Inspire Scholarship','Scholarship for students studying natural and basic sciences','Education','Both','2010-01-01',NULL,2003,200000.00,'Arunachal Pradesh','https://www.inspire-dst.gov.in/',50),(284,'Maharashtra Rajarshi Shahu Maharaj Scholarship','Scholarship for backward category students in Maharashtra for higher studies','Education','Both','2011-06-01',NULL,2004,350000.00,'Maharashtra','https://mahadbtmahait.gov.in/',52),(285,'Tamil Nadu Free Education Scheme','Financial assistance for first-generation graduates','Education','Both','2011-04-01',NULL,2004,400000.00,'Tamil Nadu','https://www.tn.gov.in/',53),(286,'Kanyashree Prakalpa','Financial support to promote education among girls in West Bengal','Education','Female','2013-10-01',NULL,2004,300000.00,'West Bengal','https://wbkanyashree.gov.in/',54),(287,'Rajasthan Devnarayan Scheme','Scholarship for students from economically weaker sections in Rajasthan','Education','Both','2012-08-01',NULL,2004,150000.00,'Rajasthan','https://sje.rajasthan.gov.in/',55),(288,'Andhra Pradesh Videshi Vidya Deevena','Financial assistance for studying abroad for students from minority groups','Education','Both','2017-04-01',NULL,1995,100000.00,'Andhra Pradesh','https://jnanabhumi.ap.gov.in/',56),(289,'Haryana Super 100 Scheme','Coaching and support for top-performing students to crack competitive exams','Education','Both','2018-07-01',NULL,2004,250000.00,'Haryana','https://schooleducationharyana.gov.in/',57),(290,'Madhya Pradesh Vikramaditya Free Education Scheme','Free higher education for meritorious students from disadvantaged backgrounds','Education','Both','2016-04-01',NULL,2004,200000.00,'Madhya Pradesh','https://scholarshipportal.mp.nic.in/',58),(291,'Kerala Higher Education Scholarship','Scholarships for meritorious students from low-income backgrounds in Kerala','Education','Both','2019-01-01',NULL,2004,350000.00,'Kerala','https://dcescholarship.kerala.gov.in/',59),(292,'Karnataka Vidyasiri Scholarship','Scholarship for backward category students in Karnataka for higher studies','Education','Both','2014-05-01',NULL,2004,400000.00,'Karnataka','https://karepass.cgg.gov.in/',60),(293,'PM Scholarship Scheme for Central Armed Police Forces & Assam Rifles','Scholarship for children of CAPF & Assam Rifles personnel','Education','Both','2006-08-01',NULL,2004,300000.00,'Himachal Pradesh','https://scholarships.gov.in/',50),(294,'Post Matric Scholarship for SC Students','Scholarship for SC students for higher education','Education','Both','2006-07-01',NULL,2004,150000.00,'Nagaland','https://scholarships.gov.in/',50),(295,'AICTE Saksham Scholarship Scheme','Scholarship for differently-abled students to pursue technical education','Education','Both','2015-07-01',NULL,2003,100000.00,'Sikkim','https://scholarships.gov.in/',51),(296,'Chhattisgarh State Scholarship for Higher Education','Scholarships for economically weaker students in Chhattisgarh pursuing higher education','Education','Both','2013-09-01',NULL,2003,250000.00,'Chhattisgarh','https://ekalyan.cgg.gov.in/',50),(297,'Telangana Overseas Scholarship Scheme','Financial assistance for students from minority groups to pursue studies abroad','Education','Both','2016-04-01',NULL,1995,200000.00,'Telangana','https://telanganaepass.cgg.gov.in/',50),(298,'UP Pre-Matric Scholarship','Scholarship for pre-matric students from economically weaker backgrounds in Uttar Pradesh','Education','Both','2008-04-01',NULL,2010,350000.00,'Uttar Pradesh','https://scholarship.up.gov.in/',50),(299,'Mukhyamantri Yuva Swavalamban Yojana','Scholarships for Gujarat students from economically weaker sections for higher studies','Education','Both','2017-05-01',NULL,2004,400000.00,'Gujarat','https://mysy.guj.nic.in/',50),(300,'Madhya Pradesh Gaon Ki Beti Yojana','Scholarship for girl students from rural areas of Madhya Pradesh to encourage higher education','Education','Female','2012-06-01',NULL,2004,300000.00,'Madhya Pradesh','https://scholarshipportal.mp.nic.in/',58),(301,'shubh','WW','Student','Male','2024-11-19','2024-11-30',2004,150000.00,'Andhra Pradesh','DAAA',1),(302,'shubh','WW','Student','Male','2024-11-19','2024-11-30',2004,100000.00,'Andhra Pradesh','DAAA',1);
/*!40000 ALTER TABLE `schemes` ENABLE KEYS */;
UNLOCK TABLES;

--
-- Table structure for table `user`
--

DROP TABLE IF EXISTS `user`;
/*!40101 SET @saved_cs_client     = @@character_set_client */;
/*!50503 SET character_set_client = utf8mb4 */;
CREATE TABLE `user` (
  `user_id` int NOT NULL AUTO_INCREMENT,
  `dob` date DEFAULT NULL,
  `gender` enum('Male','Female','Other') DEFAULT NULL,
  `state` varchar(255) DEFAULT NULL,
  `occupation` varchar(255) DEFAULT NULL,
  `income` decimal(15,2) DEFAULT NULL,
  `marital_status` enum('Single','Married','Divorced','Widowed') DEFAULT NULL,
  PRIMARY KEY (`user_id`),
  CONSTRAINT `user_ibfk_1` FOREIGN KEY (`user_id`) REFERENCES `user_login` (`login_id`)
) ENGINE=InnoDB DEFAULT CHARSET=utf8mb4 COLLATE=utf8mb4_0900_ai_ci;
/*!40101 SET character_set_client = @saved_cs_client */;

--
-- Dumping data for table `user`
--

LOCK TABLES `user` WRITE;
/*!40000 ALTER TABLE `user` DISABLE KEYS */;
/*!40000 ALTER TABLE `user` ENABLE KEYS */;
UNLOCK TABLES;

--
-- Table structure for table `user_login`
--

DROP TABLE IF EXISTS `user_login`;
/*!40101 SET @saved_cs_client     = @@character_set_client */;
/*!50503 SET character_set_client = utf8mb4 */;
CREATE TABLE `user_login` (
  `login_id` int NOT NULL AUTO_INCREMENT,
  `login_username` varchar(255) NOT NULL,
  `email` varchar(255) NOT NULL,
  `password_hash` varchar(255) NOT NULL,
  PRIMARY KEY (`login_id`),
  UNIQUE KEY `login_username` (`login_username`),
  UNIQUE KEY `email` (`email`)
) ENGINE=InnoDB AUTO_INCREMENT=4 DEFAULT CHARSET=utf8mb4 COLLATE=utf8mb4_0900_ai_ci;
/*!40101 SET character_set_client = @saved_cs_client */;

--
-- Dumping data for table `user_login`
--

LOCK TABLES `user_login` WRITE;
/*!40000 ALTER TABLE `user_login` DISABLE KEYS */;
INSERT INTO `user_login` VALUES (1,'ra','ra@gamil.com','$2y$10$YxEsXhK4qK.HuovP8ev3wuX5Hh0GUf./3GGEbNn6Xx/aAj9KUfMt6'),(2,'asfs','wfadsf@gmail.com','$2y$10$LggzYItedg6GQpodZElPnuchqdXsjKLPh0BThyouqtILeE7EKuR0S'),(3,'pa','pa@gmail.com','$2y$10$mWmjgONy8RwAQ0QZqmVVpuImu3iPe0mdvaokTgs9g.ovev3cDb05q');
/*!40000 ALTER TABLE `user_login` ENABLE KEYS */;
UNLOCK TABLES;
/*!40103 SET TIME_ZONE=@OLD_TIME_ZONE */;

/*!40101 SET SQL_MODE=@OLD_SQL_MODE */;
/*!40014 SET FOREIGN_KEY_CHECKS=@OLD_FOREIGN_KEY_CHECKS */;
/*!40014 SET UNIQUE_CHECKS=@OLD_UNIQUE_CHECKS */;
/*!40101 SET CHARACTER_SET_CLIENT=@OLD_CHARACTER_SET_CLIENT */;
/*!40101 SET CHARACTER_SET_RESULTS=@OLD_CHARACTER_SET_RESULTS */;
/*!40101 SET COLLATION_CONNECTION=@OLD_COLLATION_CONNECTION */;
/*!40111 SET SQL_NOTES=@OLD_SQL_NOTES */;

-- Dump completed on 2024-11-30 18:35:42
